number,0h,0.5h,1h,1.5h,2h,2.5h,3h,3.5h,4h,4.5h,5h
normal,103853.0,8867.0,15463.5,18969.5,19799.0,20611.25,22493.25,23659.0,25505.5,26660.75,27671.25
regress,129735.66666666667,5700.3333333333285,7286.999999999985,9806.999999999985,11817.999999999985,13445.999999999985,14386.666666666672,15257.666666666672,15922.666666666672,16654.999999999985,17116.66666666667
test262,92093.0,19864.66666666667,23316.0,29262.66666666667,32403.66666666667,33743.0,35513.66666666667,37134.0,38073.33333333333,39366.66666666666,40095.0
total_cves,122747.66666666667,7751.666666666657,12345.666666666672,14922.333333333328,16754.999999999985,19152.66666666667,20334.33333333333,21449.33333333333,22275.999999999985,22734.999999999985,23046.999999999985
malware,63705.75,29076.75,37307.0,41011.5,45636.5,47988.0,49917.75,52282.0,54588.25,55381.0,56579.5
