number,0h,0.5h,1h,1.5h,2h,2.5h,3h,3.5h,4h,4.5h,5h
normal,102391.6,599.1999999999971,1039.199999999997,1246.0,1480.0,1719.5999999999913,1823.3999999999942,2025.199999999997,2160.0,2294.399999999994,2427.0
regress,129126.6,393.79999999998836,768.5999999999913,1074.7999999999884,1385.7999999999884,1679.7999999999884,1892.199999999997,2160.0,2380.600000000006,2561.7999999999884,2751.600000000006
test262,93321.6,3268.7999999999884,4490.399999999994,5059.0,5917.199999999997,6643.0,7313.799999999988,7723.599999999991,8280.599999999991,8697.399999999994,8997.599999999991
total_cves,122483.8,941.5999999999913,1992.5999999999913,2606.199999999997,3115.0,3471.199999999997,3881.800000000003,4646.399999999994,5132.800000000003,5458.399999999994,5862.599999999991
malware,60278.4,6765.999999999993,9178.400000000001,13181.799999999996,14494.999999999993,15785.400000000001,16648.6,17169.6,17525.4,17899.6,18480.6
