number,0h,0.5h,1h,1.5h,2h,2.5h,3h,3.5h,4h,4.5h,5h
normal,100859.8,33126.8,39744.40000000001,42973.8,45140.999999999985,46249.8,47079.59999999999,54317.59999999999,55045.999999999985,55760.40000000001,56169.999999999985
regress,127054.6,34135.19999999998,36971.600000000006,38824.79999999999,39578.0,40288.600000000006,43969.399999999994,44694.79999999999,45063.19999999998,45480.399999999994,45767.399999999994
test262,101063.0,20.75,24.5,24.5,24.5,28.0,28.75,28.75,28.75,28.75,28.75
total_cves,122065.6,31958.0,35126.600000000006,40357.0,44375.19999999998,45428.399999999994,46071.600000000006,46812.79999999999,47383.600000000006,47718.399999999994,48051.0
malware,72309.2,1803.199999999997,1941.4000000000087,4052.4000000000087,6717.800000000003,6945.400000000009,7078.400000000009,7114.199999999997,7323.400000000009,7358.0,7494.0
