number,0h,0.5h,1h,1.5h,2h,2.5h,3h,3.5h,4h,4.5h,5h
normal,97870.8,804.0,1035.3999999999942,1244.199999999997,1390.800000000003,1464.5999999999913,1550.800000000003,1591.800000000003,1621.0,1710.199999999997,1748.5999999999913
regress,121101.2,704.6000000000058,882.8000000000029,990.0,1193.6000000000058,1414.199999999997,1453.0,1490.199999999997,1568.199999999997,1592.0,1757.6000000000058
test262,84313.2,555.6000000000058,748.4000000000087,840.6000000000058,941.8000000000029,1059.6000000000058,1097.4000000000087,1114.4000000000087,1171.800000000003,1257.800000000003,1294.800000000003
total_cves,114294.0,1355.3999999999942,2140.600000000006,2899.399999999994,3418.399999999994,3897.800000000003,4173.0,4325.800000000003,4551.600000000006,4700.800000000003,4812.199999999997
malware,75877.2,984.4000000000087,1209.0,1690.0,1816.6000000000058,1877.199999999997,1957.0,2169.4000000000087,2368.0,2423.0,3045.199999999997
