number,0h,0.5h,1h,1.5h,2h,2.5h,3h,3.5h,4h,4.5h,5h,crashes
normal,60896,4859.25,8439.75,10180,10843.5,11136,11518.25,11738.75,11930.75,12176.75,12438.5,65.75
regress,72817,3757.5,5102.5,6409.5,7201,7772.5,8252.5,8522,8860.5,9234,9482.5,84
test262,55404,4407.333333,6536.666667,7556.666667,9545,11776.66667,13687.33333,14406,15100.33333,15704.33333,16339.33333,93.33
total_cves,70028.33333,3858,5589,6809.333333,7770.333333,8255,9176.333333,10105,10952.66667,11302.66667,11459.33333,98.33
malware,48858.25,10311.25,11245.25,11619.5,13044.5,14131,14430.5,14535.5,14786.25,15282,16085.75,72.75
