number,0h,0.5h,1h,1.5h,2h,2.5h,3h,3.5h,4h,4.5h,5h
normal,60646.0,1603.0,2372.0,2659.0,2884.800000000003,3138.800000000003,3319.5999999999985,3449.0,3594.4000000000015,3707.0,3788.4000000000015
regress,72725.0,501.8000000000029,810.3999999999942,1050.800000000003,1277.0,1415.800000000003,1580.199999999997,1692.3999999999942,1828.800000000003,1925.800000000003,2027.800000000003
test262,56811.4,819.4000000000015,1318.5999999999985,1690.7999999999956,2108.5999999999985,2365.0,2592.7999999999956,2785.5999999999985,3291.0,3461.0,3589.199999999997
total_cves,70085.0,516.8000000000029,912.3999999999942,1236.6000000000058,1453.800000000003,1687.0,1836.0,1981.800000000003,2084.0,2239.600000000006,2368.199999999997
malware,48968.0,3356.800000000003,4749.800000000003,5823.800000000003,6219.4000000000015,6657.5999999999985,7146.199999999997,7471.199999999997,7896.0,8137.0,8347.400000000001
