number,0h,0.5h,1h,1.5h,2h,2.5h,3h,3.5h,4h,4.5h,5h
normal,59263.8,17433.800000000003,23439.399999999994,26777.399999999994,27264.800000000003,27729.399999999994,28079.800000000003,28445.0,30821.199999999997,31156.199999999997,31409.199999999997
regress,71223.6,17083.0,19036.59999999999,22636.79999999999,25504.199999999997,25911.0,26260.0,26595.0,26883.0,27244.199999999997,27433.199999999997
test262,56384.6,23.200000000004366,23.599999999998545,26.80000000000291,28.80000000000291,38.0,40.200000000004366,46.400000000001455,47.80000000000291,48.200000000004366,49.0
total_cves,68314.0,19361.0,24397.800000000003,26925.399999999994,27685.399999999994,31183.199999999997,35301.0,36087.399999999994,36528.600000000006,37007.600000000006,37258.0
malware,48811.8,354.79999999999563,457.1999999999971,514.1999999999971,584.5999999999985,698.5999999999985,737.5999999999985,778.0,812.3999999999942,859.1999999999971,873.1999999999971
