number,0h,0.5h,1h,1.5h,2h,2.5h,3h,3.5h,4h,4.5h,5h
normal,44913.6,1272.5999999999985,1337.800000000003,1419.800000000003,1494.2000000000044,1507.2000000000044,1556.2000000000044,1592.0,1609.0,1678.5999999999985,1688.4000000000015
regress,59682.8,393.3999999999942,493.3999999999942,583.5999999999985,612.1999999999971,690.0,732.0,753.3999999999942,821.7999999999956,871.0,885.0
test262,50036.6,233.59999999999854,296.20000000000437,396.8000000000029,414.40000000000146,431.0,445.20000000000437,454.8000000000029,465.59999999999854,489.40000000000146,512.0
total_cves,61377.4,296.0,746.1999999999971,1029.4000000000015,1233.7999999999956,1292.7999999999956,1317.5999999999985,1331.199999999997,1357.199999999997,1400.0,1469.199999999997
malware,45755.4,393.1999999999971,500.40000000000146,558.4000000000015,598.7999999999956,644.0,683.4000000000015,707.5999999999985,722.1999999999971,885.7999999999956,963.4000000000015
